{"cameraMode":{"drawMode":0,"name":"Shaded","section":"Shading Mode"},"sceneLighting":true,"audioPlay":false,"sceneViewState":{"m_AlwaysRefresh":false,"showFog":true,"showSkybox":true,"showFlares":true,"showImageEffects":true,"showParticleSystems":true,"showVisualEffectGraphs":true,"m_FxEnabled":true},"in2DMode":false,"pivot":{"x":-0.782378613948822,"y":4.2670416831970219,"z":-4.5781779289245609},"rotation":{"x":0.0002841348177753389,"y":-0.9997135400772095,"z":0.015306495130062104,"w":0.018602831289172174},"size":11.925186157226563,"orthographic":false}